query_line,query_chunk_id,query_text,reference_verse,reference_text,similarity
75,7,"Slaveholders are known to have sent spies among their slaves to ascertain, if possible, their views and feelings in regard to their condition; hence the maxim established among them, that ""a still ton",Habakkuk 1:13,"Thou art of purer eyes than to behold evil, and canst not look on iniquity: wherefore lookest thou upon them that deal treacherously, and holdest thy tongue when the wicked devoureth the man that is m",0.83704877
50,5,"From my heart I pitied her, and child as I was, and new to such scenes, the shock was tremendous. I was terrified, hushed, stunned and bewildered. The scene here described was often repeated, for Edwa",Jeremiah 8:19,Behold the voice of the cry of the daughter of my people because of them that dwell in a far country: Is not the LORD in Zion? is not her king in her? Why have they provoked me to anger with their gra,0.8360305
103,10,"That which he most loved I most hated; and the very determination which he expressed to keep me in ignorance only rendered me the more resolute to seek intelligence. In learning to read, therefore, I ",Habakkuk 1:13,"Thou art of purer eyes than to behold evil, and canst not look on iniquity: wherefore lookest thou upon them that deal treacherously, and holdest thy tongue when the wicked devoureth the man that is m",0.83256644
103,10,"That which he most loved I most hated; and the very determination which he expressed to keep me in ignorance only rendered me the more resolute to seek intelligence. In learning to read, therefore, I ",Judges 16:17,"That he told her all his heart, and said unto her, There hath not come a razor upon mine head; for I have been a Nazarite unto God from my mother’s womb: if I be shaven, then my strength will go from ",0.82999384
103,10,"That which he most loved I most hated; and the very determination which he expressed to keep me in ignorance only rendered me the more resolute to seek intelligence. In learning to read, therefore, I ",Malachi 1:6,"A son honoureth his father, and a servant his master: if then I be a father, where is mine honour? and if I be a master, where is my fear? saith the LORD of hosts unto you, O priests, that despise my",0.82535344
50,5,"From my heart I pitied her, and child as I was, and new to such scenes, the shock was tremendous. I was terrified, hushed, stunned and bewildered. The scene here described was often repeated, for Edwa",Malachi 1:6,"A son honoureth his father, and a servant his master: if then I be a father, where is mine honour? and if I be a master, where is my fear? saith the LORD of hosts unto you, O priests, that despise my",0.8253187
103,10,"That which he most loved I most hated; and the very determination which he expressed to keep me in ignorance only rendered me the more resolute to seek intelligence. In learning to read, therefore, I ",Matthew 26:24,The Son of man goeth as it is written of him: but woe unto that man by whom the Son of man is betrayed! it had been good for that man if he had not been born.,0.81603056
103,10,"That which he most loved I most hated; and the very determination which he expressed to keep me in ignorance only rendered me the more resolute to seek intelligence. In learning to read, therefore, I ",Mark 14:21,"The Son of man indeed goeth, as it is written of him: but woe to that man by whom the Son of man is betrayed! good were it for that man if he had never been born.",0.81432164
75,7,"Slaveholders are known to have sent spies among their slaves to ascertain, if possible, their views and feelings in regard to their condition; hence the maxim established among them, that ""a still ton",Malachi 1:6,"A son honoureth his father, and a servant his master: if then I be a father, where is mine honour? and if I be a master, where is my fear? saith the LORD of hosts unto you, O priests, that despise my",0.81131995
50,5,"From my heart I pitied her, and child as I was, and new to such scenes, the shock was tremendous. I was terrified, hushed, stunned and bewildered. The scene here described was often repeated, for Edwa",Jeremiah 8:21,For the hurt of the daughter of my people am I hurt; I am black; astonishment hath taken hold on me.,0.8079362
66,6,Some idea of the splendor of that place sixty years ago has already been given. The contrast between the condition of the slaves and that of their masters was marvelously sharp and striking. There wer,Daniel 4:21,"Whose leaves were fair, and the fruit thereof much, and in it was meat for all; under which the beasts of the field dwelt, and upon whose branches the fowls of the heaven had their habitation: 4:22 It",0.8066197
123,12,"In addition to these opportunities, sleeping as I did in the kitchen loft, a room seldom visited by any of the family, I contrived to get a flour-barrel up there and a chair, and upon the head of that",Malachi 1:6,"A son honoureth his father, and a servant his master: if then I be a father, where is mine honour? and if I be a master, where is my fear? saith the LORD of hosts unto you, O priests, that despise my",0.804956
50,5,"From my heart I pitied her, and child as I was, and new to such scenes, the shock was tremendous. I was terrified, hushed, stunned and bewildered. The scene here described was often repeated, for Edwa",Jeremiah 31:20,"Is Ephraim my dear son? is he a pleasant child? for since I spake against him, I do earnestly remember him still: therefore my bowels are troubled for him; I will surely have mercy upon him, saith the",0.8025332
240,17,"We were generally a unit, and moved together. Thoughts and sentiments were exchanged between us which might well have been considered incendiary had they been known by our masters. The slaveholder, we",2 Corinthians 12:18,"I desired Titus, and with him I sent a brother. Did Titus make a gain of you? walked we not in the same spirit? walked we not in the",0.7991803
240,17,"We were generally a unit, and moved together. Thoughts and sentiments were exchanged between us which might well have been considered incendiary had they been known by our masters. The slaveholder, we",Jeremiah 40:4,"And now, behold, I loose thee this day from the chains which were upon thine hand. If it seem good unto thee to come with me into Babylon, come; and I will look well unto thee: but if it seem ill unto",0.79861945
195,16,"I say I have no doubt of this; the reason is, that there were not, under the whole heavens, a set of men who cultivated such a dread of labor as did the slaveholders. The charge of laziness against th",Jeremiah 40:4,"And now, behold, I loose thee this day from the chains which were upon thine hand. If it seem good unto thee to come with me into Babylon, come; and I will look well unto thee: but if it seem ill unto",0.7974749
240,17,"We were generally a unit, and moved together. Thoughts and sentiments were exchanged between us which might well have been considered incendiary had they been known by our masters. The slaveholder, we",Isaiah 49:18,"Lift up thine eyes round about, and behold: all these gather themselves together, and come to thee. As I live, saith the LORD, thou shalt surely clothe thee with them all, as with an ornament, and bin",0.797339
195,16,"I say I have no doubt of this; the reason is, that there were not, under the whole heavens, a set of men who cultivated such a dread of labor as did the slaveholders. The charge of laziness against th",Habakkuk 1:13,"Thou art of purer eyes than to behold evil, and canst not look on iniquity: wherefore lookest thou upon them that deal treacherously, and holdest thy tongue when the wicked devoureth the man that is m",0.79709375
283,18,"In these remarks it is possible I do him injustice. He certainly did not exert his power over me as in the case he might have done, but acted, upon the whole, very generously, considering the nature o",Isaiah 50:2,"Wherefore, when I came, was there no man? when I called, was there none to answer? Is my hand shortened at all, that it cannot redeem? or have I no power to deliver? behold, at my rebuke I dry up the ",0.795557
283,18,"In these remarks it is possible I do him injustice. He certainly did not exert his power over me as in the case he might have done, but acted, upon the whole, very generously, considering the nature o",Genesis 27:45,"Until thy brother’s anger turn away from thee, and he forget that which thou hast done to him: then I will send, and fetch thee from thence: why should I be deprived also of you",0.79531395
195,16,"I say I have no doubt of this; the reason is, that there were not, under the whole heavens, a set of men who cultivated such a dread of labor as did the slaveholders. The charge of laziness against th",Deuteronomy 8:15,"Who led thee through that great and terrible wilderness, wherein were fiery serpents, and scorpions, and drought, where there was no water; who brought thee",0.7948224
10,1,"The father might be a freeman and the child a slave. The father might be a white man, glorying in the purity of his Anglo-Saxon blood, and the child ranked with the blackest slaves. Father he might be",Malachi 1:6,"A son honoureth his father, and a servant his master: if then I be a father, where is mine honour? and if I be a master, where is my fear? saith the LORD of hosts unto you, O priests, that despise my",0.79241633
195,16,"I say I have no doubt of this; the reason is, that there were not, under the whole heavens, a set of men who cultivated such a dread of labor as did the slaveholders. The charge of laziness against th",Malachi 1:6,"A son honoureth his father, and a servant his master: if then I be a father, where is mine honour? and if I be a master, where is my fear? saith the LORD of hosts unto you, O priests, that despise my",0.79236156
169,14,She never allowed me to go there without giving me bread enough to make good the deficiencies of a day or two. Master Thomas at last resolved to endure my behavior no longer; he could keep neither me ,Jeremiah 40:4,"And now, behold, I loose thee this day from the chains which were upon thine hand. If it seem good unto thee to come with me into Babylon, come; and I will look well unto thee: but if it seem ill unto",0.7920839
283,18,"In these remarks it is possible I do him injustice. He certainly did not exert his power over me as in the case he might have done, but acted, upon the whole, very generously, considering the nature o",1 Kings 31:4,"Then said Saul unto his armourbearer, Draw thy sword, and thrust me through therewith; lest these uncircumcised come and thrust me through, and abuse me. But his armourbearer would not; for he was sor",0.79084253
75,7,"Slaveholders are known to have sent spies among their slaves to ascertain, if possible, their views and feelings in regard to their condition; hence the maxim established among them, that ""a still ton",Ecclesiastes 2:21,"For there is a man whose labour is in wisdom, and in knowledge, and in equity; yet to a man that hath not laboured therein shall he leave it for his portion. This also is vanity and a great evil.",0.79082394
195,16,"I say I have no doubt of this; the reason is, that there were not, under the whole heavens, a set of men who cultivated such a dread of labor as did the slaveholders. The charge of laziness against th",1 Chronicles 10:4,"Then said Saul to his armourbearer, Draw thy sword, and thrust me through therewith; lest these uncircumcised come and abuse me. But his armourbearer would not; for he was sore afraid. So Saul took a ",0.7905769
283,18,"In these remarks it is possible I do him injustice. He certainly did not exert his power over me as in the case he might have done, but acted, upon the whole, very generously, considering the nature o",Deuteronomy 8:15,"Who led thee through that great and terrible wilderness, wherein were fiery serpents, and scorpions, and drought, where there was no water; who brought thee",0.7903977
75,7,"Slaveholders are known to have sent spies among their slaves to ascertain, if possible, their views and feelings in regard to their condition; hence the maxim established among them, that ""a still ton",Romans 14:4,"Who art thou that judgest another man’s servant? to his own master he standeth or falleth. Yea, he shall be holden up: for God is able to make him stand.",0.78992486
283,18,"In these remarks it is possible I do him injustice. He certainly did not exert his power over me as in the case he might have done, but acted, upon the whole, very generously, considering the nature o",1 Chronicles 10:4,"Then said Saul to his armourbearer, Draw thy sword, and thrust me through therewith; lest these uncircumcised come and abuse me. But his armourbearer would not; for he was sore afraid. So Saul took a ",0.78950655
50,5,"From my heart I pitied her, and child as I was, and new to such scenes, the shock was tremendous. I was terrified, hushed, stunned and bewildered. The scene here described was often repeated, for Edwa",Isaiah 50:2,"Wherefore, when I came, was there no man? when I called, was there none to answer? Is my hand shortened at all, that it cannot redeem? or have I no power to deliver? behold, at my rebuke I dry up the ",0.7886305
301,19,"He seemed to me an all-sufficient match to every opponent, whether they spoke in the name of the law or the gospel. His words were full of holy fire, and straight to the point. Something of a hero-wor",Romans 16:19,"For your obedience is come abroad unto all men. I am glad therefore on your behalf: but yet I would have you wise unto that which is good, and simple concerning evil.",0.7882259
240,17,"We were generally a unit, and moved together. Thoughts and sentiments were exchanged between us which might well have been considered incendiary had they been known by our masters. The slaveholder, we",Malachi 1:6,"A son honoureth his father, and a servant his master: if then I be a father, where is mine honour? and if I be a master, where is my fear? saith the LORD of hosts unto you, O priests, that despise my",0.78804857
41,4,"The family of Captain Anthony never visited the great house, and the Lloyds never came to our house. Equal non-intercourse was observed between Captain Anthony's family and the family of Mr. Seveir, t",Malachi 1:6,"A son honoureth his father, and a servant his master: if then I be a father, where is mine honour? and if I be a master, where is my fear? saith the LORD of hosts unto you, O priests, that despise my",0.7878151
169,14,She never allowed me to go there without giving me bread enough to make good the deficiencies of a day or two. Master Thomas at last resolved to endure my behavior no longer; he could keep neither me ,Genesis 27:45,"Until thy brother’s anger turn away from thee, and he forget that which thou hast done to him: then I will send, and fetch thee from thence: why should I be deprived also of you",0.78673446
169,14,She never allowed me to go there without giving me bread enough to make good the deficiencies of a day or two. Master Thomas at last resolved to endure my behavior no longer; he could keep neither me ,Genesis 19:19,"Behold now, thy servant hath found grace in thy sight, and thou hast magnified thy mercy, which thou hast shewed unto me in saving my life; and I cannot escape to the mountain, lest some evil take me,",0.7864515
240,17,"We were generally a unit, and moved together. Thoughts and sentiments were exchanged between us which might well have been considered incendiary had they been known by our masters. The slaveholder, we",Isaiah 57:13,"When thou criest, let thy companies deliver thee; but the wind shall carry them all away; vanity shall take them: but he that putteth his trust in me shall possess the land, and shall inherit my holy",0.786338
75,7,"Slaveholders are known to have sent spies among their slaves to ascertain, if possible, their views and feelings in regard to their condition; hence the maxim established among them, that ""a still ton",Psalms 15:4,"In whose eyes a vile person is contemned; but he honoureth them that fear the LORD. He that sweareth to his own hurt, and changeth not.",0.7862433
301,19,"He seemed to me an all-sufficient match to every opponent, whether they spoke in the name of the law or the gospel. His words were full of holy fire, and straight to the point. Something of a hero-wor",Isaiah 49:18,"Lift up thine eyes round about, and behold: all these gather themselves together, and come to thee. As I live, saith the LORD, thou shalt surely clothe thee with them all, as with an ornament, and bin",0.7839238
66,6,Some idea of the splendor of that place sixty years ago has already been given. The contrast between the condition of the slaves and that of their masters was marvelously sharp and striking. There wer,Exodus 8:3,"And the river shall bring forth frogs abundantly, which shall go up and come into thine house, and into thy bedchamber, and upon thy bed, and into the house of thy servants, and upon thy people, and i",0.7837048
445,25,"Those who had stimulated the courage of the North before the election, and had shouted ""Who's afraid?"" were now shaking in their shoes with apprehension and dread. One was for passing laws in the nort",Daniel 11:25,And he shall stir up his power and his courage against the king of the south with a great army; and the king of the south shall be stirred up to battle with a very great and mighty army; but he shall ,0.7835851
114,11,"She had changed, and the reader will see that I too, had changed. We were both victims to the same overshadowing evil, she as mistress, I as slave. I will not censure her harshly. # Chapter_12
IN the ",Habakkuk 1:13,"Thou art of purer eyes than to behold evil, and canst not look on iniquity: wherefore lookest thou upon them that deal treacherously, and holdest thy tongue when the wicked devoureth the man that is m",0.7835244
123,12,"In addition to these opportunities, sleeping as I did in the kitchen loft, a room seldom visited by any of the family, I contrived to get a flour-barrel up there and a chair, and upon the head of that",Genesis 27:45,"Until thy brother’s anger turn away from thee, and he forget that which thou hast done to him: then I will send, and fetch thee from thence: why should I be deprived also of you",0.7826367
652,31,"But I meant here only to say a word in conclusion. Forty years of my life have been given to the cause of my people, and if I had forty years more they should all be sacredly given to the same great c",Psalms 116:10,"I believed, therefore have I spoken: I was greatly afflicted:",0.7822997
169,14,She never allowed me to go there without giving me bread enough to make good the deficiencies of a day or two. Master Thomas at last resolved to endure my behavior no longer; he could keep neither me ,Isaiah 50:2,"Wherefore, when I came, was there no man? when I called, was there none to answer? Is my hand shortened at all, that it cannot redeem? or have I no power to deliver? behold, at my rebuke I dry up the ",0.78162473
83,8,"One of the commonest sayings to which my ears early became accustomed, was, that it was ""worth but a half a cent to kill a nigger, and half a cent to bury one."" While I heard of numerous murders commi",Hosea 4:14,"I will not punish your daughters when they commit whoredom, nor your spouses when they commit adultery: for themselves are separated with whores, and they sacrifice with harlots: therefore the people ",0.78072906
590,29,"I regret that my engagements and duties were such that I could not then and there accept his invitation, for I could not doubt the sincerity with which it was given, or fail to see the value of compli",1 Kings 20:29,"And he said, Let me go, I pray thee; for our family hath a sacrifice in the city; and my brother, he hath commanded me to be there: and now, if I have found favour in thine eyes, let me get away, I pr",0.7804509
517,27,"I was called forward and responded with all the energy of my soul, for I looked upon suffrage to the Negro as the only measure which could prevent him from being thrust back into slavery. From this ti",Judges 16:17,"That he told her all his heart, and said unto her, There hath not come a razor upon mine head; for I have been a Nazarite unto God from my mother’s womb: if I be shaven, then my strength will go from ",0.77984697
301,19,"He seemed to me an all-sufficient match to every opponent, whether they spoke in the name of the law or the gospel. His words were full of holy fire, and straight to the point. Something of a hero-wor",Exodus 4:14,"And the anger of the LORD was kindled against Moses, and he said, Is not Aaron the Levite thy brother? I know that he can speak well. And also, behold, he cometh forth to meet thee: and when he seeth ",0.77890503
590,29,"I regret that my engagements and duties were such that I could not then and there accept his invitation, for I could not doubt the sincerity with which it was given, or fail to see the value of compli",Malachi 1:6,"A son honoureth his father, and a servant his master: if then I be a father, where is mine honour? and if I be a master, where is my fear? saith the LORD of hosts unto you, O priests, that despise my",0.778816
301,19,"He seemed to me an all-sufficient match to every opponent, whether they spoke in the name of the law or the gospel. His words were full of holy fire, and straight to the point. Something of a hero-wor",Isaiah 29:8,"It shall even be as when an hungry man dreameth, and, behold, he eateth; but he awaketh, and his soul is empty: or as when a thirsty man dreameth, and, behold, he drinketh; but he awaketh, and, behold",0.77875197
668,34,It need not be said to those who knew the character and composition of Senator Conkling that it was impossible for him to tolerate or excuse a broken promise. No man more than he considered a man's wo,Matthew 26:24,The Son of man goeth as it is written of him: but woe unto that man by whom the Son of man is betrayed! it had been good for that man if he had not been born.,0.7779194
301,19,"He seemed to me an all-sufficient match to every opponent, whether they spoke in the name of the law or the gospel. His words were full of holy fire, and straight to the point. Something of a hero-wor",Daniel 10:19,"And said, O man greatly beloved, fear not: peace be unto thee, be strong, yea, be strong. And when he had spoken unto me, I was strengthened, and said, Let my lord speak; for thou hast strengthened me",0.7777164
123,12,"In addition to these opportunities, sleeping as I did in the kitchen loft, a room seldom visited by any of the family, I contrived to get a flour-barrel up there and a chair, and upon the head of that",2 Kings 19:28,For all of my father’s house were but dead men before my lord the king: yet didst thou set thy servant among them that did eat at thine own table. What right therefore have I yet to cry any more unto,0.77695084
668,34,It need not be said to those who knew the character and composition of Senator Conkling that it was impossible for him to tolerate or excuse a broken promise. No man more than he considered a man's wo,Luke 1:73,The oath which he,0.77547705
668,34,It need not be said to those who knew the character and composition of Senator Conkling that it was impossible for him to tolerate or excuse a broken promise. No man more than he considered a man's wo,Romans 14:4,"Who art thou that judgest another man’s servant? to his own master he standeth or falleth. Yea, he shall be holden up: for God is able to make him stand.",0.77499163
123,12,"In addition to these opportunities, sleeping as I did in the kitchen loft, a room seldom visited by any of the family, I contrived to get a flour-barrel up there and a chair, and upon the head of that",Ruth 3:13,"Tarry this night, and it shall be in the morning, that if he will perform unto thee the part of a kinsman, well; let him do the kinsman’s part: but if he will not do the part of a kinsman to thee, the",0.77479565
114,11,"She had changed, and the reader will see that I too, had changed. We were both victims to the same overshadowing evil, she as mistress, I as slave. I will not censure her harshly. # Chapter_12
IN the ",Judges 16:17,"That he told her all his heart, and said unto her, There hath not come a razor upon mine head; for I have been a Nazarite unto God from my mother’s womb: if I be shaven, then my strength will go from ",0.77359915
10,1,"The father might be a freeman and the child a slave. The father might be a white man, glorying in the purity of his Anglo-Saxon blood, and the child ranked with the blackest slaves. Father he might be",Mark 14:21,"The Son of man indeed goeth, as it is written of him: but woe to that man by whom the Son of man is betrayed! good were it for that man if he had never been born.",0.7727642
665,33,The madness of Guiteau was but the exaggerated madness of other men. It is impossible to measure the evil which this craving madness may yet bring upon the country. Any civil-service reform which will,Romans 14:4,"Who art thou that judgest another man’s servant? to his own master he standeth or falleth. Yea, he shall be holden up: for God is able to make him stand.",0.7723927
364,21,"It was rather hard, after having enjoyed for so long a time equal social privileges, after dining with persons of great literary, social, political, and religious eminence, and never, during the whole",Habakkuk 1:13,"Thou art of purer eyes than to behold evil, and canst not look on iniquity: wherefore lookest thou upon them that deal treacherously, and holdest thy tongue when the wicked devoureth the man that is m",0.77204
66,6,Some idea of the splendor of that place sixty years ago has already been given. The contrast between the condition of the slaves and that of their masters was marvelously sharp and striking. There wer,Daniel 4:11,"The tree grew, and was strong, and the height thereof reached unto heaven, and the sight thereof to the end of all the earth: 4:12 The leaves thereof were fair, and the fruit thereof much, and in it w",0.7717758
123,12,"In addition to these opportunities, sleeping as I did in the kitchen loft, a room seldom visited by any of the family, I contrived to get a flour-barrel up there and a chair, and upon the head of that",Jeremiah 31:20,"Is Ephraim my dear son? is he a pleasant child? for since I spake against him, I do earnestly remember him still: therefore my bowels are troubled for him; I will surely have mercy upon him, saith the",0.7714281
83,8,"One of the commonest sayings to which my ears early became accustomed, was, that it was ""worth but a half a cent to kill a nigger, and half a cent to bury one."" While I heard of numerous murders commi",Jeremiah 31:20,"Is Ephraim my dear son? is he a pleasant child? for since I spake against him, I do earnestly remember him still: therefore my bowels are troubled for him; I will surely have mercy upon him, saith the",0.76932925
114,11,"She had changed, and the reader will see that I too, had changed. We were both victims to the same overshadowing evil, she as mistress, I as slave. I will not censure her harshly. # Chapter_12
IN the ",Hosea 7:13,"Woe unto them! for they have fled from me: destruction unto them! because they have transgressed against me: though I have redeemed them, yet they have spoken lies against me.",0.76864266
66,6,Some idea of the splendor of that place sixty years ago has already been given. The contrast between the condition of the slaves and that of their masters was marvelously sharp and striking. There wer,Habakkuk 1:13,"Thou art of purer eyes than to behold evil, and canst not look on iniquity: wherefore lookest thou upon them that deal treacherously, and holdest thy tongue when the wicked devoureth the man that is m",0.7679596
10,1,"The father might be a freeman and the child a slave. The father might be a white man, glorying in the purity of his Anglo-Saxon blood, and the child ranked with the blackest slaves. Father he might be",Matthew 26:24,The Son of man goeth as it is written of him: but woe unto that man by whom the Son of man is betrayed! it had been good for that man if he had not been born.,0.7669492
83,8,"One of the commonest sayings to which my ears early became accustomed, was, that it was ""worth but a half a cent to kill a nigger, and half a cent to bury one."" While I heard of numerous murders commi",Malachi 1:6,"A son honoureth his father, and a servant his master: if then I be a father, where is mine honour? and if I be a master, where is my fear? saith the LORD of hosts unto you, O priests, that despise my",0.7667692
66,6,Some idea of the splendor of that place sixty years ago has already been given. The contrast between the condition of the slaves and that of their masters was marvelously sharp and striking. There wer,1 Corinthians 15:43,It is sown in dishonour; it is raised in glory: it is sown in weakness; it is raised,0.7658569
83,8,"One of the commonest sayings to which my ears early became accustomed, was, that it was ""worth but a half a cent to kill a nigger, and half a cent to bury one."" While I heard of numerous murders commi",1 Corinthians 15:43,It is sown in dishonour; it is raised in glory: it is sown in weakness; it is raised,0.7651478
114,11,"She had changed, and the reader will see that I too, had changed. We were both victims to the same overshadowing evil, she as mistress, I as slave. I will not censure her harshly. # Chapter_12
IN the ",Psalms 15:4,"In whose eyes a vile person is contemned; but he honoureth them that fear the LORD. He that sweareth to his own hurt, and changeth not.",0.764433
169,14,She never allowed me to go there without giving me bread enough to make good the deficiencies of a day or two. Master Thomas at last resolved to endure my behavior no longer; he could keep neither me ,Judges 16:17,"That he told her all his heart, and said unto her, There hath not come a razor upon mine head; for I have been a Nazarite unto God from my mother’s womb: if I be shaven, then my strength will go from ",0.76291656
668,34,It need not be said to those who knew the character and composition of Senator Conkling that it was impossible for him to tolerate or excuse a broken promise. No man more than he considered a man's wo,Mark 14:21,"The Son of man indeed goeth, as it is written of him: but woe to that man by whom the Son of man is betrayed! good were it for that man if he had never been born.",0.7625973
114,11,"She had changed, and the reader will see that I too, had changed. We were both victims to the same overshadowing evil, she as mistress, I as slave. I will not censure her harshly. # Chapter_12
IN the ",Job 10:15,"If I be wicked, woe unto me; and if I be righteous, yet will I not lift up my head. I am full of confusion; therefore see thou mine",0.76255786
83,8,"One of the commonest sayings to which my ears early became accustomed, was, that it was ""worth but a half a cent to kill a nigger, and half a cent to bury one."" While I heard of numerous murders commi",Habakkuk 1:13,"Thou art of purer eyes than to behold evil, and canst not look on iniquity: wherefore lookest thou upon them that deal treacherously, and holdest thy tongue when the wicked devoureth the man that is m",0.7618829
652,31,"But I meant here only to say a word in conclusion. Forty years of my life have been given to the cause of my people, and if I had forty years more they should all be sacredly given to the same great c",Proverbs 5:9,"Lest thou give thine honour unto others, and thy years unto",0.76175606
665,33,The madness of Guiteau was but the exaggerated madness of other men. It is impossible to measure the evil which this craving madness may yet bring upon the country. Any civil-service reform which will,Romans 16:19,"For your obedience is come abroad unto all men. I am glad therefore on your behalf: but yet I would have you wise unto that which is good, and simple concerning evil.",0.76169366
590,29,"I regret that my engagements and duties were such that I could not then and there accept his invitation, for I could not doubt the sincerity with which it was given, or fail to see the value of compli",1 Kings 25:8,"Ask thy young men, and they will shew thee. Wherefore let the young men find favour in thine eyes: for we come in a good day: give, I pray thee, whatsoever cometh to thine hand unto thy servants, and ",0.761532
652,31,"But I meant here only to say a word in conclusion. Forty years of my life have been given to the cause of my people, and if I had forty years more they should all be sacredly given to the same great c",Psalms 40:7,"Then said I, Lo, I come: in the volume of the book it is written of me,",0.76134324
668,34,It need not be said to those who knew the character and composition of Senator Conkling that it was impossible for him to tolerate or excuse a broken promise. No man more than he considered a man's wo,Malachi 1:6,"A son honoureth his father, and a servant his master: if then I be a father, where is mine honour? and if I be a master, where is my fear? saith the LORD of hosts unto you, O priests, that despise my",0.76028466
517,27,"I was called forward and responded with all the energy of my soul, for I looked upon suffrage to the Negro as the only measure which could prevent him from being thrust back into slavery. From this ti",Romans 16:19,"For your obedience is come abroad unto all men. I am glad therefore on your behalf: but yet I would have you wise unto that which is good, and simple concerning evil.",0.7601408
590,29,"I regret that my engagements and duties were such that I could not then and there accept his invitation, for I could not doubt the sincerity with which it was given, or fail to see the value of compli",1 Kings 29:4,"And the princes of the Philistines were wroth with him; and the princes of the Philistines said unto him, Make this fellow return, that he may go again to his place which thou hast appointed him, and ",0.7590411
850,43,"All must see that the effect of this was calculated to weaken our higher claim and to place us at a disadvantage before Haïti and before all the world. ""And now, since the American people have been ma",Romans 16:19,"For your obedience is come abroad unto all men. I am glad therefore on your behalf: but yet I would have you wise unto that which is good, and simple concerning evil.",0.7590039
590,29,"I regret that my engagements and duties were such that I could not then and there accept his invitation, for I could not doubt the sincerity with which it was given, or fail to see the value of compli",Jeremiah 40:4,"And now, behold, I loose thee this day from the chains which were upon thine hand. If it seem good unto thee to come with me into Babylon, come; and I will look well unto thee: but if it seem ill unto",0.75880766
517,27,"I was called forward and responded with all the energy of my soul, for I looked upon suffrage to the Negro as the only measure which could prevent him from being thrust back into slavery. From this ti",Genesis 47:19,"Wherefore shall we die before thine eyes, both we and our land? buy us and our land for bread, and we and our land will be servants unto Pharaoh: and give us seed, that we may live, and not die, that ",0.757815
517,27,"I was called forward and responded with all the energy of my soul, for I looked upon suffrage to the Negro as the only measure which could prevent him from being thrust back into slavery. From this ti",1 Kings 25:8,"Ask thy young men, and they will shew thee. Wherefore let the young men find favour in thine eyes: for we come in a good day: give, I pray thee, whatsoever cometh to thine hand unto thy servants, and ",0.75711703
41,4,"The family of Captain Anthony never visited the great house, and the Lloyds never came to our house. Equal non-intercourse was observed between Captain Anthony's family and the family of Mr. Seveir, t",Mark 14:21,"The Son of man indeed goeth, as it is written of him: but woe to that man by whom the Son of man is betrayed! good were it for that man if he had never been born.",0.7567638
10,1,"The father might be a freeman and the child a slave. The father might be a white man, glorying in the purity of his Anglo-Saxon blood, and the child ranked with the blackest slaves. Father he might be",Ezra 7:4,The son of,0.7565844
10,1,"The father might be a freeman and the child a slave. The father might be a white man, glorying in the purity of his Anglo-Saxon blood, and the child ranked with the blackest slaves. Father he might be",Jeremiah 32:8,"So Hanameel mine uncle’s son came to me in the court of the prison according to the word of the LORD, and said unto me, Buy my field, I pray thee, that is in Anathoth, which is in the country of Benja",0.7556035
416,24,"Lossing, the historian), will show by what means the governor of Virginia meant to get me into his power, and that my apprehensions of arrest were not altogether groundless:
There is no reason to doub",1 Chronicles 21:12,"Either three years’ famine; or three months to be destroyed before thy foes, while that the sword of thine enemies overtaketh thee; or else three days the sword of the LORD, even the pestilence, in th",0.755093
150,13,"In addition to the pain of parting from friends, as I supposed, forever, I had the added grief of neglected chances of escape to brood over. I had put off running away until I was now to be placed whe",Genesis 19:19,"Behold now, thy servant hath found grace in thy sight, and thou hast magnified thy mercy, which thou hast shewed unto me in saving my life; and I cannot escape to the mountain, lest some evil take me,",0.7547196
652,31,"But I meant here only to say a word in conclusion. Forty years of my life have been given to the cause of my people, and if I had forty years more they should all be sacredly given to the same great c",Luke 22:37,"For I say unto you, that this that is written must yet be accomplished in me, And he was reckoned among the transgressors: for the things concerning me have an end.",0.75465155
18,2,"The day had been an exciting and wearisome one, and I know not where, but I suppose I sobbed myself to sleep; and its balm was never more welcome to any wounded soul than to mine. The reader may be su",Genesis 27:45,"Until thy brother’s anger turn away from thee, and he forget that which thou hast done to him: then I will send, and fetch thee from thence: why should I be deprived also of you",0.75455225
652,31,"But I meant here only to say a word in conclusion. Forty years of my life have been given to the cause of my people, and if I had forty years more they should all be sacredly given to the same great c",1 Corinthians 13:4,"Charity suffereth long, and is kind; charity envieth not; charity",0.7541545
517,27,"I was called forward and responded with all the energy of my soul, for I looked upon suffrage to the Negro as the only measure which could prevent him from being thrust back into slavery. From this ti",1 Kings 8:48,"And so return unto thee with all their heart, and with all their soul, in the land of their enemies, which led them away captive, and pray unto thee toward their land, which thou gavest unto their fat",0.7541483
665,33,The madness of Guiteau was but the exaggerated madness of other men. It is impossible to measure the evil which this craving madness may yet bring upon the country. Any civil-service reform which will,Matthew 26:24,The Son of man goeth as it is written of him: but woe unto that man by whom the Son of man is betrayed! it had been good for that man if he had not been born.,0.7531185
1,0,"# Chapter_1
IN Talbot County, Eastern Shore, State of Maryland, near Easton, the county town, there is a small district of country, thinly populated, and remarkable for nothing that I know of more tha",Deuteronomy 8:15,"Who led thee through that great and terrible wilderness, wherein were fiery serpents, and scorpions, and drought, where there was no water; who brought thee",0.7527876
18,2,"The day had been an exciting and wearisome one, and I know not where, but I suppose I sobbed myself to sleep; and its balm was never more welcome to any wounded soul than to mine. The reader may be su",Jeremiah 33:11,"The voice of joy, and the voice of gladness, the voice of the bridegroom, and the voice of the bride, the voice of them that shall say, Praise the LORD of hosts: for the LORD is good; for his mercy en",0.7524604
96,9,"I may say here that I regard my removal from Col. Lloyd's plantation as one of the most interesting and fortunate events of my life. Viewing it in the light of human likelihoods, it is quite probable ",Jeremiah 40:4,"And now, behold, I loose thee this day from the chains which were upon thine hand. If it seem good unto thee to come with me into Babylon, come; and I will look well unto thee: but if it seem ill unto",0.75182045
150,13,"In addition to the pain of parting from friends, as I supposed, forever, I had the added grief of neglected chances of escape to brood over. I had put off running away until I was now to be placed whe",Jeremiah 40:4,"And now, behold, I loose thee this day from the chains which were upon thine hand. If it seem good unto thee to come with me into Babylon, come; and I will look well unto thee: but if it seem ill unto",0.7508938
682,36,"The lesson taught by its example and its warning is, that political parties, like individual men, are only strong while they are consistent and honest, and that treachery and deception are only the sa",Proverbs 13:1,A wise son heareth his father’s instruction: but a scorner heareth not rebuke.,0.75013
665,33,The madness of Guiteau was but the exaggerated madness of other men. It is impossible to measure the evil which this craving madness may yet bring upon the country. Any civil-service reform which will,Proverbs 23:20,Be not among winebibbers; among riotous eaters of flesh: 23:21 For the drunkard and the glutton shall come to poverty: and drowsiness shall clothe a man with rags.,0.74946594
799,40,"The Republican party and the nation were pledged to the protection of the constitutional rights of the colored citizens. If it refused to perform its promise, it would be false to its highest trust. A",Isaiah 14:32,"What shall one then answer the messengers of the nation? That the LORD hath founded Zion, and the poor of his people shall trust in it.",0.7482688
396,23,"Y., and will long be remembered there for the surprise and gratification it caused our friends in that city. They were not looking for such exhibitions of enlightened zeal and ability as were there di",Isaiah 29:8,"It shall even be as when an hungry man dreameth, and, behold, he eateth; but he awaketh, and his soul is empty: or as when a thirsty man dreameth, and, behold, he drinketh; but he awaketh, and, behold",0.7481315
682,36,"The lesson taught by its example and its warning is, that political parties, like individual men, are only strong while they are consistent and honest, and that treachery and deception are only the sa",Matthew 26:24,The Son of man goeth as it is written of him: but woe unto that man by whom the Son of man is betrayed! it had been good for that man if he had not been born.,0.7478758
682,36,"The lesson taught by its example and its warning is, that political parties, like individual men, are only strong while they are consistent and honest, and that treachery and deception are only the sa",Daniel 11:25,And he shall stir up his power and his courage against the king of the south with a great army; and the king of the south shall be stirred up to battle with a very great and mighty army; but he shall ,0.7474164
733,37,"It is a reciprocal understanding. I do not think that when I ride with an educated, polished rascal he is thereby made my equal, or that when I ride with a numskull it makes him my equal. Social equal",John 7:43,So there was a division among the people because of him.,0.74739265
382,22,"The surrounding country is remarkable for its fertility, and the city itself possesses one of the finest water-powers in the world. It is on the line of the New York Central railroad—a line that, with",Exodus 8:3,"And the river shall bring forth frogs abundantly, which shall go up and come into thine house, and into thy bedchamber, and upon thy bed, and into the house of thy servants, and upon thy people, and i",0.747253
18,2,"The day had been an exciting and wearisome one, and I know not where, but I suppose I sobbed myself to sleep; and its balm was never more welcome to any wounded soul than to mine. The reader may be su",Proverbs 23:20,Be not among winebibbers; among riotous eaters of flesh: 23:21 For the drunkard and the glutton shall come to poverty: and drowsiness shall clothe a man with rags.,0.74713755
682,36,"The lesson taught by its example and its warning is, that political parties, like individual men, are only strong while they are consistent and honest, and that treachery and deception are only the sa",Psalms 25:9,The meek will he guide in judgment: and the meek will he teach his way.,0.74694204
416,24,"Lossing, the historian), will show by what means the governor of Virginia meant to get me into his power, and that my apprehensions of arrest were not altogether groundless:
There is no reason to doub",Acts 23:34,"And when the governor had read the letter, he asked of what province he was. And when he understood that he was of Cilicia; 23:35 I will hear thee, said he, when thine accusers are also come. And he c",0.74630535
665,33,The madness of Guiteau was but the exaggerated madness of other men. It is impossible to measure the evil which this craving madness may yet bring upon the country. Any civil-service reform which will,Isaiah 29:8,"It shall even be as when an hungry man dreameth, and, behold, he eateth; but he awaketh, and his soul is empty: or as when a thirsty man dreameth, and, behold, he drinketh; but he awaketh, and, behold",0.7460714
382,22,"The surrounding country is remarkable for its fertility, and the city itself possesses one of the finest water-powers in the world. It is on the line of the New York Central railroad—a line that, with",Luke 18:2,"Saying, There was in a city a",0.7459989
364,21,"It was rather hard, after having enjoyed for so long a time equal social privileges, after dining with persons of great literary, social, political, and religious eminence, and never, during the whole",2 Peter 1:6,And to knowledge temperance; and to,0.74560297
660,32,"Perhaps a political abolitionist would equally misjudge and underrate the value of the non-voting and moral-suasion party, of which Mr. Garrison was the admitted leader; while in fact the two were the",Luke 12:48,"But he that knew not, and did commit things worthy of stripes, shall be beaten with few stripes. For unto whomsoever much is given, of him shall be much required: and to whom men have committed much, ",0.7454752
738,38,"Of this class I was not one. I knew that however bad the Republican party was, the Democratic party was much worse. The elements of which the Republican party was composed gave better # Chapter_49
SEP",1 Chronicles 25:26,The nineteenth to,0.7453767
445,25,"Those who had stimulated the courage of the North before the election, and had shouted ""Who's afraid?"" were now shaking in their shoes with apprehension and dread. One was for passing laws in the nort",Proverbs 29:25,The fear of man bringeth a snare: but whoso putteth his trust in the LORD shall be safe.,0.7451895
18,2,"The day had been an exciting and wearisome one, and I know not where, but I suppose I sobbed myself to sleep; and its balm was never more welcome to any wounded soul than to mine. The reader may be su",Nahum 3:15,"There shall the fire devour thee; the sword shall cut thee off, it shall eat thee up like the cankerworm: make thyself many as the cankerworm, make thyself many as the locusts.",0.7446259
18,2,"The day had been an exciting and wearisome one, and I know not where, but I suppose I sobbed myself to sleep; and its balm was never more welcome to any wounded soul than to mine. The reader may be su",Malachi 1:6,"A son honoureth his father, and a servant his master: if then I be a father, where is mine honour? and if I be a master, where is my fear? saith the LORD of hosts unto you, O priests, that despise my",0.74379516
682,36,"The lesson taught by its example and its warning is, that political parties, like individual men, are only strong while they are consistent and honest, and that treachery and deception are only the sa",Nahum 3:11,"Thou also shalt be drunken: thou shalt be hid, thou also shalt seek strength because of the enemy.",0.74364364
799,40,"The Republican party and the nation were pledged to the protection of the constitutional rights of the colored citizens. If it refused to perform its promise, it would be false to its highest trust. A",Ephesians 3:6,"That the Gentiles should be fellowheirs, and of the same body, and partakers of his promise in Christ by the gospel: 3:7 Whereof I was made a minister, according to the gift of the grace of God given ",0.7436272
799,40,"The Republican party and the nation were pledged to the protection of the constitutional rights of the colored citizens. If it refused to perform its promise, it would be false to its highest trust. A",Genesis 47:19,"Wherefore shall we die before thine eyes, both we and our land? buy us and our land for bread, and we and our land will be servants unto Pharaoh: and give us seed, that we may live, and not die, that ",0.74263275
150,13,"In addition to the pain of parting from friends, as I supposed, forever, I had the added grief of neglected chances of escape to brood over. I had put off running away until I was now to be placed whe",2 Corinthians 11:25,"Thrice was I beaten with rods, once was I stoned, thrice I suffered shipwreck, a night and a day I have been in the deep; 11:26 In journeyings often, in perils of waters, in perils of robbers, in peri",0.7423874
364,21,"It was rather hard, after having enjoyed for so long a time equal social privileges, after dining with persons of great literary, social, political, and religious eminence, and never, during the whole",Isaiah 29:8,"It shall even be as when an hungry man dreameth, and, behold, he eateth; but he awaketh, and his soul is empty: or as when a thirsty man dreameth, and, behold, he drinketh; but he awaketh, and, behold",0.7418281
416,24,"Lossing, the historian), will show by what means the governor of Virginia meant to get me into his power, and that my apprehensions of arrest were not altogether groundless:
There is no reason to doub",2 Kings 24:13,"So Gad came to David, and told him, and said unto him, Shall seven years of famine come unto thee in thy land? or wilt thou flee three months before thine enemies, while they pursue thee? or that ther",0.74105036
416,24,"Lossing, the historian), will show by what means the governor of Virginia meant to get me into his power, and that my apprehensions of arrest were not altogether groundless:
There is no reason to doub",Genesis 42:33,"And the man, the lord of the country, said unto us, Hereby shall I know that ye are true men; leave one of your brethren here with me, and take food for the famine of your households, and be gone: 42:",0.7407258
416,24,"Lossing, the historian), will show by what means the governor of Virginia meant to get me into his power, and that my apprehensions of arrest were not altogether groundless:
There is no reason to doub",Genesis 27:45,"Until thy brother’s anger turn away from thee, and he forget that which thou hast done to him: then I will send, and fetch thee from thence: why should I be deprived also of you",0.7402625
1,0,"# Chapter_1
IN Talbot County, Eastern Shore, State of Maryland, near Easton, the county town, there is a small district of country, thinly populated, and remarkable for nothing that I know of more tha",Hosea 1:2,"The beginning of the word of the LORD by Hosea. And the LORD said to Hosea, Go, take unto thee a wife of whoredoms and children of whoredoms: for the land hath committed great whoredom, departing from",0.74022293
41,4,"The family of Captain Anthony never visited the great house, and the Lloyds never came to our house. Equal non-intercourse was observed between Captain Anthony's family and the family of Mr. Seveir, t",Habakkuk 1:13,"Thou art of purer eyes than to behold evil, and canst not look on iniquity: wherefore lookest thou upon them that deal treacherously, and holdest thy tongue when the wicked devoureth the man that is m",0.7391319
1,0,"# Chapter_1
IN Talbot County, Eastern Shore, State of Maryland, near Easton, the county town, there is a small district of country, thinly populated, and remarkable for nothing that I know of more tha",Ezra 7:4,The son of,0.73905075
738,38,"Of this class I was not one. I knew that however bad the Republican party was, the Democratic party was much worse. The elements of which the Republican party was composed gave better # Chapter_49
SEP",Malachi 1:6,"A son honoureth his father, and a servant his master: if then I be a father, where is mine honour? and if I be a master, where is my fear? saith the LORD of hosts unto you, O priests, that despise my",0.73891115
799,40,"The Republican party and the nation were pledged to the protection of the constitutional rights of the colored citizens. If it refused to perform its promise, it would be false to its highest trust. A",Luke 1:73,The oath which he,0.73889315
41,4,"The family of Captain Anthony never visited the great house, and the Lloyds never came to our house. Equal non-intercourse was observed between Captain Anthony's family and the family of Mr. Seveir, t",Matthew 26:24,The Son of man goeth as it is written of him: but woe unto that man by whom the Son of man is betrayed! it had been good for that man if he had not been born.,0.73806113
1,0,"# Chapter_1
IN Talbot County, Eastern Shore, State of Maryland, near Easton, the county town, there is a small district of country, thinly populated, and remarkable for nothing that I know of more tha",Isaiah 50:2,"Wherefore, when I came, was there no man? when I called, was there none to answer? Is my hand shortened at all, that it cannot redeem? or have I no power to deliver? behold, at my rebuke I dry up the ",0.73800313
41,4,"The family of Captain Anthony never visited the great house, and the Lloyds never came to our house. Equal non-intercourse was observed between Captain Anthony's family and the family of Mr. Seveir, t",Genesis 27:45,"Until thy brother’s anger turn away from thee, and he forget that which thou hast done to him: then I will send, and fetch thee from thence: why should I be deprived also of you",0.73765475
660,32,"Perhaps a political abolitionist would equally misjudge and underrate the value of the non-voting and moral-suasion party, of which Mr. Garrison was the admitted leader; while in fact the two were the",Luke 1:73,The oath which he,0.7375257
445,25,"Those who had stimulated the courage of the North before the election, and had shouted ""Who's afraid?"" were now shaking in their shoes with apprehension and dread. One was for passing laws in the nort",Isaiah 8:12,"Say ye not, A confederacy, to all them to whom this people shall say, A confederacy; neither fear ye their fear, nor be afraid.",0.73748296
850,43,"All must see that the effect of this was calculated to weaken our higher claim and to place us at a disadvantage before Haïti and before all the world. ""And now, since the American people have been ma",Philippians 2:26,"For he longed after you all, and was full of heaviness, because that ye had heard that he had been sick.",0.7370962
382,22,"The surrounding country is remarkable for its fertility, and the city itself possesses one of the finest water-powers in the world. It is on the line of the New York Central railroad—a line that, with",Isaiah 57:13,"When thou criest, let thy companies deliver thee; but the wind shall carry them all away; vanity shall take them: but he that putteth his trust in me shall possess the land, and shall inherit my holy",0.7370566
445,25,"Those who had stimulated the courage of the North before the election, and had shouted ""Who's afraid?"" were now shaking in their shoes with apprehension and dread. One was for passing laws in the nort",Deuteronomy 32:27,"Were it not that I feared the wrath of the enemy, lest their adversaries should behave themselves strangely, and lest they should say, Our hand is high, and the LORD hath not done all this.",0.735826
454,26,"On the third point he appeared to have less difficulty, though he did not absolutely commit himself. He simply said that he would sign any commission to colored soldiers whom his Secretary of War shou",1 Kings 9:16,"To morrow about this time I will send thee a man out of the land of Benjamin, and thou shalt anoint him to be captain over my people Israel, that he may save my people out of the hand of the Philistin",0.735662
850,43,"All must see that the effect of this was calculated to weaken our higher claim and to place us at a disadvantage before Haïti and before all the world. ""And now, since the American people have been ma",Ecclesiastes 4:4,"Again, I considered all travail, and every right work, that for this a man is envied of his neighbour. This is also vanity and vexation of spirit.",0.7350227
187,15,"There is a better day coming.""
I shall never be able to narrate half the mental experience through which it was my lot to pass, during my stay at Covey's. I was completely wrecked, changed, and bewild",Jeremiah 40:4,"And now, behold, I loose thee this day from the chains which were upon thine hand. If it seem good unto thee to come with me into Babylon, come; and I will look well unto thee: but if it seem ill unto",0.7348813
382,22,"The surrounding country is remarkable for its fertility, and the city itself possesses one of the finest water-powers in the world. It is on the line of the New York Central railroad—a line that, with",Genesis 47:19,"Wherefore shall we die before thine eyes, both we and our land? buy us and our land for bread, and we and our land will be servants unto Pharaoh: and give us seed, that we may live, and not die, that ",0.7348808
454,26,"On the third point he appeared to have less difficulty, though he did not absolutely commit himself. He simply said that he would sign any commission to colored soldiers whom his Secretary of War shou",Ezekiel 5:2,"Thou shalt burn with fire a third part in the midst of the city, when the days of the siege are fulfilled: and thou shalt take a third part, and smite about it with a knife: and a third part thou shal",0.73458874
799,40,"The Republican party and the nation were pledged to the protection of the constitutional rights of the colored citizens. If it refused to perform its promise, it would be false to its highest trust. A",Leviticus 25:47,"And if a sojourner or stranger wax rich by thee, and thy brother that dwelleth by him wax poor, and sell himself unto the stranger or sojourner by thee, or to the stock of the stranger’s family: 25:48",0.7342922
1,0,"# Chapter_1
IN Talbot County, Eastern Shore, State of Maryland, near Easton, the county town, there is a small district of country, thinly populated, and remarkable for nothing that I know of more tha",Genesis 47:19,"Wherefore shall we die before thine eyes, both we and our land? buy us and our land for bread, and we and our land will be servants unto Pharaoh: and give us seed, that we may live, and not die, that ",0.7342715
744,39,"He was the son of Rev. Lant Carpenter, who for a long time was an honored pastor in Bristol. He was also the brother of Philip and Mary Carpenter, and one of a family distinguished for every moral and",Ezra 7:4,The son of,0.7338023
738,38,"Of this class I was not one. I knew that however bad the Republican party was, the Democratic party was much worse. The elements of which the Republican party was composed gave better # Chapter_49
SEP",Proverbs 23:20,Be not among winebibbers; among riotous eaters of flesh: 23:21 For the drunkard and the glutton shall come to poverty: and drowsiness shall clothe a man with rags.,0.7337107
803,41,"But with the negotiations in the hands of Rear-Admiral Gherardi a decision must be reached shortly. Admiral Gherardi is sent to resuscitate the negotiations. Admiral Gherardi will succeed eventually.""",Isaiah 50:2,"Wherefore, when I came, was there no man? when I called, was there none to answer? Is my hand shortened at all, that it cannot redeem? or have I no power to deliver? behold, at my rebuke I dry up the ",0.73345363
96,9,"I may say here that I regard my removal from Col. Lloyd's plantation as one of the most interesting and fortunate events of my life. Viewing it in the light of human likelihoods, it is quite probable ",Isaiah 57:13,"When thou criest, let thy companies deliver thee; but the wind shall carry them all away; vanity shall take them: but he that putteth his trust in me shall possess the land, and shall inherit my holy",0.733333
850,43,"All must see that the effect of this was calculated to weaken our higher claim and to place us at a disadvantage before Haïti and before all the world. ""And now, since the American people have been ma",Genesis 47:19,"Wherefore shall we die before thine eyes, both we and our land? buy us and our land for bread, and we and our land will be servants unto Pharaoh: and give us seed, that we may live, and not die, that ",0.73253334
850,43,"All must see that the effect of this was calculated to weaken our higher claim and to place us at a disadvantage before Haïti and before all the world. ""And now, since the American people have been ma",1 Peter 5:5,"Likewise, ye younger, submit yourselves unto the elder. Yea, all of you be subject one to another, and be clothed with humility: for God resisteth the proud, and giveth grace to the humble.",0.73201895
660,32,"Perhaps a political abolitionist would equally misjudge and underrate the value of the non-voting and moral-suasion party, of which Mr. Garrison was the admitted leader; while in fact the two were the",Hebrews 10:13,From henceforth expecting till his enemies be made his footstool.,0.73175865
733,37,"It is a reciprocal understanding. I do not think that when I ride with an educated, polished rascal he is thereby made my equal, or that when I ride with a numskull it makes him my equal. Social equal",Ezekiel 18:29,"Yet saith the house of Israel, The way of the LORD is not equal. O house of Israel, are not my ways equal? are not your ways unequal?",0.73107123
22,3,"I can therefore fondly and proudly ascribe to her an earnest love of knowledge. That in any slave State a field-hand should learn to read is remarkable, but the achievement of my mother, considering t",Judges 16:17,"That he told her all his heart, and said unto her, There hath not come a razor upon mine head; for I have been a Nazarite unto God from my mother’s womb: if I be shaven, then my strength will go from ",0.7310566
364,21,"It was rather hard, after having enjoyed for so long a time equal social privileges, after dining with persons of great literary, social, political, and religious eminence, and never, during the whole",Judges 16:17,"That he told her all his heart, and said unto her, There hath not come a razor upon mine head; for I have been a Nazarite unto God from my mother’s womb: if I be shaven, then my strength will go from ",0.7301991
744,39,"He was the son of Rev. Lant Carpenter, who for a long time was an honored pastor in Bristol. He was also the brother of Philip and Mary Carpenter, and one of a family distinguished for every moral and",Malachi 1:6,"A son honoureth his father, and a servant his master: if then I be a father, where is mine honour? and if I be a master, where is my fear? saith the LORD of hosts unto you, O priests, that despise my",0.7300506
150,13,"In addition to the pain of parting from friends, as I supposed, forever, I had the added grief of neglected chances of escape to brood over. I had put off running away until I was now to be placed whe",Matthew 17:27,"Notwithstanding, lest we should offend them, go thou to the sea, and cast an hook, and take up the fish that first cometh up; and when thou hast opened his mouth, thou shalt find a piece of money: tha",0.7299644
317,20,"My old and dear friend J. N. Buffum made a point against the company that they ""often allowed dogs and monkeys to ride in first-class cars, and yet excluded a man like Frederick Douglass!"" In a very f",Habakkuk 1:13,"Thou art of purer eyes than to behold evil, and canst not look on iniquity: wherefore lookest thou upon them that deal treacherously, and holdest thy tongue when the wicked devoureth the man that is m",0.72962976
738,38,"Of this class I was not one. I knew that however bad the Republican party was, the Democratic party was much worse. The elements of which the Republican party was composed gave better # Chapter_49
SEP",Mark 14:21,"The Son of man indeed goeth, as it is written of him: but woe to that man by whom the Son of man is betrayed! good were it for that man if he had never been born.",0.72882545
364,21,"It was rather hard, after having enjoyed for so long a time equal social privileges, after dining with persons of great literary, social, political, and religious eminence, and never, during the whole",Genesis 24:14,"And let it come to pass, that the damsel to whom I shall say, Let down thy pitcher, I pray thee, that I may drink; and she shall say, Drink, and I will give thy camels drink also: let the same be she ",0.7288021
187,15,"There is a better day coming.""
I shall never be able to narrate half the mental experience through which it was my lot to pass, during my stay at Covey's. I was completely wrecked, changed, and bewild",Isaiah 7:21,"And it shall come to pass in that day, that a man shall nourish a",0.7283621
96,9,"I may say here that I regard my removal from Col. Lloyd's plantation as one of the most interesting and fortunate events of my life. Viewing it in the light of human likelihoods, it is quite probable ",Isaiah 49:18,"Lift up thine eyes round about, and behold: all these gather themselves together, and come to thee. As I live, saith the LORD, thou shalt surely clothe thee with them all, as with an ornament, and bin",0.72810936
738,38,"Of this class I was not one. I knew that however bad the Republican party was, the Democratic party was much worse. The elements of which the Republican party was composed gave better # Chapter_49
SEP",Matthew 26:24,The Son of man goeth as it is written of him: but woe unto that man by whom the Son of man is betrayed! it had been good for that man if he had not been born.,0.72782314
445,25,"Those who had stimulated the courage of the North before the election, and had shouted ""Who's afraid?"" were now shaking in their shoes with apprehension and dread. One was for passing laws in the nort",Joshua 10:25,"And Joshua said unto them, Fear not, nor be dismayed, be strong and of good courage: for thus shall the LORD do to all your enemies against whom ye fight.",0.7273383
150,13,"In addition to the pain of parting from friends, as I supposed, forever, I had the added grief of neglected chances of escape to brood over. I had put off running away until I was now to be placed whe",Genesis 27:45,"Until thy brother’s anger turn away from thee, and he forget that which thou hast done to him: then I will send, and fetch thee from thence: why should I be deprived also of you",0.7273316
639,30,"Though his folly may be less apparent, it is just as real when one-half of the moral and intellectual power of the world is excluded from any voice or vote in civil government. In this denial of the r",1 Kings 9:6,"And he said unto him, Behold now, there is in this city a man of God, and he is an honourable man; all that he saith cometh surely to pass: now let us go thither; peradventure he can shew us our way t",0.7272878
96,9,"I may say here that I regard my removal from Col. Lloyd's plantation as one of the most interesting and fortunate events of my life. Viewing it in the light of human likelihoods, it is quite probable ",Romans 16:19,"For your obedience is come abroad unto all men. I am glad therefore on your behalf: but yet I would have you wise unto that which is good, and simple concerning evil.",0.727108
317,20,"My old and dear friend J. N. Buffum made a point against the company that they ""often allowed dogs and monkeys to ride in first-class cars, and yet excluded a man like Frederick Douglass!"" In a very f",Romans 16:19,"For your obedience is come abroad unto all men. I am glad therefore on your behalf: but yet I would have you wise unto that which is good, and simple concerning evil.",0.72657263
674,35,"A half a million indeed! The fact is, I never was worth one-fifth of that sum and never expect to be. The offices held by me during the eleven years of my official life never brought me over three tho",Numbers 31:43,(Now the half that pertained unto the congregation was three hundred thousand and thirty thousand and seven,0.72569066
733,37,"It is a reciprocal understanding. I do not think that when I ride with an educated, polished rascal he is thereby made my equal, or that when I ride with a numskull it makes him my equal. Social equal",Romans 12:16,"Be of the same mind one toward another. Mind not high things, but condescend to men of low estate. Be not wise in your own conceits.",0.7255665
660,32,"Perhaps a political abolitionist would equally misjudge and underrate the value of the non-voting and moral-suasion party, of which Mr. Garrison was the admitted leader; while in fact the two were the",Luke 22:6,"And he promised, and sought opportunity to betray him unto them in the absence of the multitude.",0.725104
733,37,"It is a reciprocal understanding. I do not think that when I ride with an educated, polished rascal he is thereby made my equal, or that when I ride with a numskull it makes him my equal. Social equal",Nahum 3:11,"Thou also shalt be drunken: thou shalt be hid, thou also shalt seek strength because of the enemy.",0.7247926
187,15,"There is a better day coming.""
I shall never be able to narrate half the mental experience through which it was my lot to pass, during my stay at Covey's. I was completely wrecked, changed, and bewild",Nehemiah 5:18,"Now that which was prepared for me daily was one ox and six choice sheep; also fowls were prepared for me, and once in ten days store of all sorts of wine: yet for all this required not I the bread of",0.7238924
96,9,"I may say here that I regard my removal from Col. Lloyd's plantation as one of the most interesting and fortunate events of my life. Viewing it in the light of human likelihoods, it is quite probable ",Jeremiah 33:11,"The voice of joy, and the voice of gladness, the voice of the bridegroom, and the voice of the bride, the voice of them that shall say, Praise the LORD of hosts: for the LORD is good; for his mercy en",0.7236161
803,41,"But with the negotiations in the hands of Rear-Admiral Gherardi a decision must be reached shortly. Admiral Gherardi is sent to resuscitate the negotiations. Admiral Gherardi will succeed eventually.""",Genesis 47:19,"Wherefore shall we die before thine eyes, both we and our land? buy us and our land for bread, and we and our land will be servants unto Pharaoh: and give us seed, that we may live, and not die, that ",0.7235395
382,22,"The surrounding country is remarkable for its fertility, and the city itself possesses one of the finest water-powers in the world. It is on the line of the New York Central railroad—a line that, with",Haggai 1:9,"Ye looked for much, and, lo it came to little; and when ye brought it home, I did blow upon it. Why? saith the LORD of hosts. Because of mine house that is waste, and ye run every man unto his own hou",0.7231221
733,37,"It is a reciprocal understanding. I do not think that when I ride with an educated, polished rascal he is thereby made my equal, or that when I ride with a numskull it makes him my equal. Social equal",Isaiah 57:13,"When thou criest, let thy companies deliver thee; but the wind shall carry them all away; vanity shall take them: but he that putteth his trust in me shall possess the land, and shall inherit my holy",0.7227335
317,20,"My old and dear friend J. N. Buffum made a point against the company that they ""often allowed dogs and monkeys to ride in first-class cars, and yet excluded a man like Frederick Douglass!"" In a very f",Isaiah 49:18,"Lift up thine eyes round about, and behold: all these gather themselves together, and come to thee. As I live, saith the LORD, thou shalt surely clothe thee with them all, as with an ornament, and bin",0.72267973
22,3,"I can therefore fondly and proudly ascribe to her an earnest love of knowledge. That in any slave State a field-hand should learn to read is remarkable, but the achievement of my mother, considering t",Jeremiah 31:20,"Is Ephraim my dear son? is he a pleasant child? for since I spake against him, I do earnestly remember him still: therefore my bowels are troubled for him; I will surely have mercy upon him, saith the",0.7207428
396,23,"Y., and will long be remembered there for the surprise and gratification it caused our friends in that city. They were not looking for such exhibitions of enlightened zeal and ability as were there di",Daniel 11:25,And he shall stir up his power and his courage against the king of the south with a great army; and the king of the south shall be stirred up to battle with a very great and mighty army; but he shall ,0.7203101
396,23,"Y., and will long be remembered there for the surprise and gratification it caused our friends in that city. They were not looking for such exhibitions of enlightened zeal and ability as were there di",Hebrews 10:13,From henceforth expecting till his enemies be made his footstool.,0.7202701
660,32,"Perhaps a political abolitionist would equally misjudge and underrate the value of the non-voting and moral-suasion party, of which Mr. Garrison was the admitted leader; while in fact the two were the",Romans 1:2,(Which he had promised afore by,0.7200531
822,42,"It was alleged that, though our government did not authorize Rear-Admiral Gherardi to overthrow Légitime and to set up Hyppolite as President of Haïti, it gave him the wink, and left him to assume the",2 Kings 23:19,Was he not most honourable of three? therefore he was their captain: howbeit he attained not unto the first three.,0.719982
396,23,"Y., and will long be remembered there for the surprise and gratification it caused our friends in that city. They were not looking for such exhibitions of enlightened zeal and ability as were there di",Habakkuk 1:13,"Thou art of purer eyes than to behold evil, and canst not look on iniquity: wherefore lookest thou upon them that deal treacherously, and holdest thy tongue when the wicked devoureth the man that is m",0.7196457
744,39,"He was the son of Rev. Lant Carpenter, who for a long time was an honored pastor in Bristol. He was also the brother of Philip and Mary Carpenter, and one of a family distinguished for every moral and",Ezekiel 21:19,"Also, thou son of man, appoint thee two ways, that the sword of the king of Babylon may come: both twain shall come forth out of one land: and choose thou a place, choose it at the head of the way to ",0.7191771
674,35,"A half a million indeed! The fact is, I never was worth one-fifth of that sum and never expect to be. The offices held by me during the eleven years of my official life never brought me over three tho",Genesis 47:19,"Wherefore shall we die before thine eyes, both we and our land? buy us and our land for bread, and we and our land will be servants unto Pharaoh: and give us seed, that we may live, and not die, that ",0.7190957
533,28,"Not a dollar, not a dime of its millions were loaned by me, or with my approval. The fact is, and all investigation shows it, that I was married to a corpse. The fine building, with its marble counter",Proverbs 5:10,Lest strangers be filled with thy wealth; and thy,0.7183247
674,35,"A half a million indeed! The fact is, I never was worth one-fifth of that sum and never expect to be. The offices held by me during the eleven years of my official life never brought me over three tho",Ecclesiastes 2:21,"For there is a man whose labour is in wisdom, and in knowledge, and in equity; yet to a man that hath not laboured therein shall he leave it for his portion. This also is vanity and a great evil.",0.7179872
744,39,"He was the son of Rev. Lant Carpenter, who for a long time was an honored pastor in Bristol. He was also the brother of Philip and Mary Carpenter, and one of a family distinguished for every moral and",Habakkuk 1:13,"Thou art of purer eyes than to behold evil, and canst not look on iniquity: wherefore lookest thou upon them that deal treacherously, and holdest thy tongue when the wicked devoureth the man that is m",0.7173097
396,23,"Y., and will long be remembered there for the surprise and gratification it caused our friends in that city. They were not looking for such exhibitions of enlightened zeal and ability as were there di",Luke 1:73,The oath which he,0.7168314
454,26,"On the third point he appeared to have less difficulty, though he did not absolutely commit himself. He simply said that he would sign any commission to colored soldiers whom his Secretary of War shou",1 Chronicles 21:12,"Either three years’ famine; or three months to be destroyed before thy foes, while that the sword of thine enemies overtaketh thee; or else three days the sword of the LORD, even the pestilence, in th",0.7167657
454,26,"On the third point he appeared to have less difficulty, though he did not absolutely commit himself. He simply said that he would sign any commission to colored soldiers whom his Secretary of War shou",Daniel 11:29,"At the time appointed he shall return, and come toward the south; but it shall not be as the former, or as the latter.",0.7157712
317,20,"My old and dear friend J. N. Buffum made a point against the company that they ""often allowed dogs and monkeys to ride in first-class cars, and yet excluded a man like Frederick Douglass!"" In a very f",Numbers 16:11,For which cause both thou and all thy company are gathered together against the LORD:,0.71553797
454,26,"On the third point he appeared to have less difficulty, though he did not absolutely commit himself. He simply said that he would sign any commission to colored soldiers whom his Secretary of War shou",1 Kings 29:4,"And the princes of the Philistines were wroth with him; and the princes of the Philistines said unto him, Make this fellow return, that he may go again to his place which thou hast appointed him, and ",0.7155323
639,30,"Though his folly may be less apparent, it is just as real when one-half of the moral and intellectual power of the world is excluded from any voice or vote in civil government. In this denial of the r",Romans 16:19,"For your obedience is come abroad unto all men. I am glad therefore on your behalf: but yet I would have you wise unto that which is good, and simple concerning evil.",0.715483
187,15,"There is a better day coming.""
I shall never be able to narrate half the mental experience through which it was my lot to pass, during my stay at Covey's. I was completely wrecked, changed, and bewild",Genesis 47:4,"They said morever unto Pharaoh, For to sojourn in the land are we come; for thy servants have no pasture for their flocks; for the famine is sore in the land of Canaan: now therefore, we pray thee, le",0.71440315
533,28,"Not a dollar, not a dime of its millions were loaned by me, or with my approval. The fact is, and all investigation shows it, that I was married to a corpse. The fine building, with its marble counter",Ecclesiastes 6:2,"A man to whom God hath given riches, wealth, and honour, so that he wanteth nothing for his soul of all that he desireth, yet God giveth him not power to eat thereof, but a stranger eateth it: this is",0.71378624
803,41,"But with the negotiations in the hands of Rear-Admiral Gherardi a decision must be reached shortly. Admiral Gherardi is sent to resuscitate the negotiations. Admiral Gherardi will succeed eventually.""",Judges 9:38,"Then said Zebul unto him, Where is now thy mouth, wherewith thou saidst, Who is Abimelech, that we should serve him? is not this the people that thou hast despised? go out, I pray now, and fight with ",0.7134298
744,39,"He was the son of Rev. Lant Carpenter, who for a long time was an honored pastor in Bristol. He was also the brother of Philip and Mary Carpenter, and one of a family distinguished for every moral and",Romans 16:19,"For your obedience is come abroad unto all men. I am glad therefore on your behalf: but yet I would have you wise unto that which is good, and simple concerning evil.",0.7133953
803,41,"But with the negotiations in the hands of Rear-Admiral Gherardi a decision must be reached shortly. Admiral Gherardi is sent to resuscitate the negotiations. Admiral Gherardi will succeed eventually.""",1 Kings 9:16,"To morrow about this time I will send thee a man out of the land of Benjamin, and thou shalt anoint him to be captain over my people Israel, that he may save my people out of the hand of the Philistin",0.7132388
803,41,"But with the negotiations in the hands of Rear-Admiral Gherardi a decision must be reached shortly. Admiral Gherardi is sent to resuscitate the negotiations. Admiral Gherardi will succeed eventually.""",1 Kings 5:9,"My servants shall bring them down from Lebanon unto the sea: and I will convey them by sea in floats unto the place that thou shalt appoint me, and will cause them to be discharged there, and thou sha",0.7130034
317,20,"My old and dear friend J. N. Buffum made a point against the company that they ""often allowed dogs and monkeys to ride in first-class cars, and yet excluded a man like Frederick Douglass!"" In a very f",Leviticus 19:19,Ye shall keep my statutes. Thou shalt not let thy cattle gender with a diverse kind: thou shalt not sow thy field with mingled seed: neither shall a garment mingled of linen and woollen come upon thee,0.7125746
22,3,"I can therefore fondly and proudly ascribe to her an earnest love of knowledge. That in any slave State a field-hand should learn to read is remarkable, but the achievement of my mother, considering t",Song of Solomon 6:9,"My dove, my undefiled is but one; she is the only one of her mother, she is the choice one of her that bare her. The daughters saw her, and blessed her; yea, the queens and the concubines, and they pr",0.71212393
639,30,"Though his folly may be less apparent, it is just as real when one-half of the moral and intellectual power of the world is excluded from any voice or vote in civil government. In this denial of the r",Isaiah 29:8,"It shall even be as when an hungry man dreameth, and, behold, he eateth; but he awaketh, and his soul is empty: or as when a thirsty man dreameth, and, behold, he drinketh; but he awaketh, and, behold",0.7115456
533,28,"Not a dollar, not a dime of its millions were loaned by me, or with my approval. The fact is, and all investigation shows it, that I was married to a corpse. The fine building, with its marble counter",Luke 19:23,"Wherefore then gavest not thou my money into the bank, that at my coming I might",0.71007603
674,35,"A half a million indeed! The fact is, I never was worth one-fifth of that sum and never expect to be. The offices held by me during the eleven years of my official life never brought me over three tho",Ecclesiastes 1:3,What profit hath a man of all his labour which he taketh under the,0.7095113
187,15,"There is a better day coming.""
I shall never be able to narrate half the mental experience through which it was my lot to pass, during my stay at Covey's. I was completely wrecked, changed, and bewild",Psalms 84:10,"For a day in thy courts is better than a thousand. I had rather be a doorkeeper in the house of my God, than to dwell in the tents of wickedness.",0.7085872
674,35,"A half a million indeed! The fact is, I never was worth one-fifth of that sum and never expect to be. The offices held by me during the eleven years of my official life never brought me over three tho",Luke 1:73,The oath which he,0.70776147
533,28,"Not a dollar, not a dime of its millions were loaned by me, or with my approval. The fact is, and all investigation shows it, that I was married to a corpse. The fine building, with its marble counter",Jeremiah 40:4,"And now, behold, I loose thee this day from the chains which were upon thine hand. If it seem good unto thee to come with me into Babylon, come; and I will look well unto thee: but if it seem ill unto",0.7071278
639,30,"Though his folly may be less apparent, it is just as real when one-half of the moral and intellectual power of the world is excluded from any voice or vote in civil government. In this denial of the r",John 7:43,So there was a division among the people because of him.,0.7065506
822,42,"It was alleged that, though our government did not authorize Rear-Admiral Gherardi to overthrow Légitime and to set up Hyppolite as President of Haïti, it gave him the wink, and left him to assume the",Isaiah 50:2,"Wherefore, when I came, was there no man? when I called, was there none to answer? Is my hand shortened at all, that it cannot redeem? or have I no power to deliver? behold, at my rebuke I dry up the ",0.7055309
22,3,"I can therefore fondly and proudly ascribe to her an earnest love of knowledge. That in any slave State a field-hand should learn to read is remarkable, but the achievement of my mother, considering t",Jeremiah 32:8,"So Hanameel mine uncle’s son came to me in the court of the prison according to the word of the LORD, and said unto me, Buy my field, I pray thee, that is in Anathoth, which is in the country of Benja",0.7044339
22,3,"I can therefore fondly and proudly ascribe to her an earnest love of knowledge. That in any slave State a field-hand should learn to read is remarkable, but the achievement of my mother, considering t",Ruth 2:19,"And her mother in law said unto her, Where hast thou gleaned to day? and where wroughtest thou? blessed be he that did take knowledge of thee. And she shewed her mother in law with whom she had wrough",0.70322543
639,30,"Though his folly may be less apparent, it is just as real when one-half of the moral and intellectual power of the world is excluded from any voice or vote in civil government. In this denial of the r",Genesis 47:19,"Wherefore shall we die before thine eyes, both we and our land? buy us and our land for bread, and we and our land will be servants unto Pharaoh: and give us seed, that we may live, and not die, that ",0.7028215
533,28,"Not a dollar, not a dime of its millions were loaned by me, or with my approval. The fact is, and all investigation shows it, that I was married to a corpse. The fine building, with its marble counter",Genesis 47:19,"Wherefore shall we die before thine eyes, both we and our land? buy us and our land for bread, and we and our land will be servants unto Pharaoh: and give us seed, that we may live, and not die, that ",0.70195436
822,42,"It was alleged that, though our government did not authorize Rear-Admiral Gherardi to overthrow Légitime and to set up Hyppolite as President of Haïti, it gave him the wink, and left him to assume the",Acts 23:25,And he wrote a letter after this manner,0.6995261
822,42,"It was alleged that, though our government did not authorize Rear-Admiral Gherardi to overthrow Légitime and to set up Hyppolite as President of Haïti, it gave him the wink, and left him to assume the",Malachi 1:6,"A son honoureth his father, and a servant his master: if then I be a father, where is mine honour? and if I be a master, where is my fear? saith the LORD of hosts unto you, O priests, that despise my",0.69823307
822,42,"It was alleged that, though our government did not authorize Rear-Admiral Gherardi to overthrow Légitime and to set up Hyppolite as President of Haïti, it gave him the wink, and left him to assume the",Romans 14:4,"Who art thou that judgest another man’s servant? to his own master he standeth or falleth. Yea, he shall be holden up: for God is able to make him stand.",0.6978805
